id,user_id,movie_id,tag,timestamp
11,18,431,Al Pacino,2016-05-01 21:39:25.000000
12,18,431,gangster,2016-05-01 21:39:09.000000
13,18,431,mafia,2016-05-01 21:39:15.000000
34,62,2,fantasy,2018-06-12 22:52:09.000000
35,62,2,magic board game,2018-06-12 22:52:12.000000
36,62,2,Robin Williams,2018-06-12 22:51:47.000000
37,62,110,beautiful scenery,2018-06-04 22:49:01.000000
38,62,110,epic,2018-06-04 22:48:52.000000
39,62,110,historical,2018-06-04 22:48:43.000000
40,62,110,inspirational,2018-06-04 22:48:47.000000
41,62,110,Medieval,2018-06-04 22:48:48.000000
42,62,110,mel gibson,2018-06-04 22:48:41.000000
43,62,110,Oscar (Best Cinematography),2018-06-04 22:48:59.000000
44,62,110,revenge,2018-06-04 22:48:51.000000
45,62,110,sword fight,2018-06-04 22:48:55.000000
46,62,410,black comedy,2018-05-06 19:56:47.000000
47,62,410,Christina Ricci,2018-05-06 19:58:05.000000
48,62,410,Christopher Lloyd,2018-05-06 19:57:02.000000
49,62,410,dark comedy,2018-05-06 19:56:50.000000
50,62,410,family,2018-05-06 19:58:28.000000
51,62,410,gothic,2018-05-06 19:56:49.000000
404,63,260,classic,2015-09-25 16:48:18.000000
405,63,260,space action,2015-09-25 16:48:30.000000
406,76,260,action,2015-08-10 00:13:14.000000
407,76,260,sci-fi,2015-08-10 00:13:08.000000
408,103,260,EPIC,2015-05-18 13:05:12.000000
409,103,260,great soundtrack,2015-05-18 13:05:37.000000
410,103,296,good dialogue,2015-05-18 13:09:15.000000
411,103,296,great soundtrack,2015-05-18 13:09:15.000000
412,103,296,non-linear,2015-05-18 13:09:15.000000
415,112,260,classic sci-fi,2015-09-18 00:21:22.000000
416,112,260,engrossing adventure,2015-09-18 00:21:13.000000
417,112,260,EPIC,2015-09-18 00:21:06.000000
418,119,260,classic,2015-07-03 16:55:30.000000
419,119,260,Nerd,2015-07-03 16:55:20.000000
487,166,293,assassin,2007-09-02 23:08:04.000000
488,166,293,Jean Reno,2007-09-02 23:08:07.000000
493,167,104,test tag,2006-08-04 19:14:32.000000
532,193,260,classic sci-fi,2015-07-02 17:09:00.000000
533,193,260,space action,2015-07-02 17:09:15.000000
534,193,260,space epic,2015-07-02 17:09:10.000000
552,205,260,oldie but goodie,2018-03-01 10:11:41.000000
553,205,260,sci-fi,2018-03-01 10:11:18.000000
554,205,260,Star Wars,2018-03-01 10:11:48.000000
562,289,3,moldy,2006-03-27 02:01:00.000000
563,289,3,old,2006-03-27 02:01:00.000000
564,289,527,moving,2006-03-27 02:01:35.000000
620,319,364,Disney,2016-04-22 19:04:58.000000
621,319,364,Disney animated feature,2016-04-22 19:05:08.000000
622,319,364,Oscar (Best Music - Original Score),2016-04-22 19:05:19.000000
630,336,1,pixar,2006-02-04 09:36:04.000000
631,336,153,superhero,2006-02-04 09:37:20.000000
632,336,552,knights,2006-02-04 09:37:05.000000
640,341,260,ROBOTS AND ANDROIDS,2015-08-16 18:49:16.000000
641,341,260,space,2015-08-16 18:49:21.000000
647,357,39,chick flick,2012-09-26 02:51:07.000000
648,357,39,funny,2012-09-26 02:51:09.000000
649,357,39,Paul Rudd,2012-09-26 02:51:11.000000
650,357,39,quotable,2012-09-26 02:51:13.000000
651,357,39,seen more than once,2012-09-26 02:51:18.000000
697,424,32,time travel,2016-03-13 20:44:32.000000
698,424,47,mystery,2016-03-13 04:14:30.000000
699,424,47,twist ending,2016-03-13 04:14:18.000000
700,424,50,mindfuck,2016-03-13 04:12:08.000000
701,424,50,suspense,2016-03-13 04:11:55.000000
702,424,50,thriller,2016-03-13 04:12:12.000000
703,424,50,tricky,2016-03-13 04:12:20.000000
704,424,50,twist ending,2016-03-13 04:11:46.000000
705,424,147,addiction,2016-03-13 20:40:27.000000
706,424,147,heroin,2016-03-13 20:40:31.000000
707,424,147,Leonardo DiCaprio,2016-03-13 20:40:25.000000
708,424,147,Mark Wahlberg,2016-03-13 20:40:24.000000
709,424,175,controversial,2016-03-13 20:41:05.000000
710,424,175,New York City,2016-03-13 20:41:11.000000
711,424,175,Nudity (Full Frontal),2016-03-13 20:41:08.000000
712,424,223,cynical,2016-03-13 04:41:06.000000
713,424,223,hilarious,2016-03-13 04:41:26.000000
714,424,223,independent film,2016-03-13 04:41:24.000000
715,424,223,quirky,2016-03-13 04:41:13.000000
716,424,223,witty,2016-03-13 04:41:20.000000
717,424,260,classic sci-fi,2016-03-13 20:26:12.000000
718,424,260,sci-fi,2016-03-13 20:26:06.000000
719,424,260,space adventure,2016-03-13 20:26:10.000000
720,424,260,Star Wars,2016-03-13 20:26:15.000000
721,424,288,brutality,2016-03-13 05:16:24.000000
722,424,288,controversial,2016-03-13 05:16:35.000000
723,424,288,dark comedy,2016-03-13 05:16:20.000000
724,424,288,psychedelic,2016-03-13 05:16:31.000000
725,424,288,satire,2016-03-13 05:16:38.000000
726,424,288,stylized,2016-03-13 05:16:29.000000
727,424,296,cult film,2016-03-13 04:49:06.000000
728,424,296,drugs,2016-03-13 04:49:10.000000
729,424,296,Quentin Tarantino,2016-03-13 04:49:01.000000
730,424,296,Tarantino,2016-03-13 04:49:17.000000
731,424,364,soundtrack,2016-03-13 05:04:57.000000
732,424,527,thought-provoking,2016-03-13 20:30:41.000000
733,424,541,sci-fi,2016-03-13 20:28:38.000000
734,424,589,apocalypse,2016-03-13 04:54:14.000000
735,424,589,Arnold Schwarzenegger,2016-03-13 04:54:01.000000
736,424,589,nuclear war,2016-03-13 04:54:21.000000
737,424,589,sci-fi,2016-03-13 04:54:07.000000
738,424,589,Suspense,2016-03-13 04:54:24.000000
739,424,589,time travel,2016-03-13 04:54:03.000000
740,424,608,based on a true story,2016-03-13 20:28:02.000000
741,424,608,dark comedy,2016-03-13 20:27:50.000000
742,424,608,KIDNAPPING,2016-03-13 20:27:57.000000
743,424,608,Steve Buscemi,2016-03-13 20:27:45.000000
982,474,1,pixar,2006-01-14 02:47:05.000000
983,474,2,game,2006-01-16 01:39:12.000000
984,474,5,pregnancy,2006-01-16 01:11:43.000000
985,474,5,remake,2006-01-16 01:11:43.000000
986,474,7,remake,2006-01-16 01:40:42.000000
987,474,11,politics,2006-01-16 01:28:24.000000
988,474,11,president,2006-01-16 01:28:24.000000
989,474,14,politics,2006-01-16 01:40:23.000000
990,474,14,president,2006-01-16 01:40:23.000000
991,474,16,Mafia,2006-01-13 19:47:20.000000
992,474,17,Jane Austen,2006-01-13 19:39:13.000000
993,474,21,Hollywood,2006-01-14 02:36:18.000000
994,474,22,serial killer,2006-01-16 01:38:16.000000
995,474,25,alcoholism,2006-01-24 21:19:15.000000
996,474,26,Shakespeare,2006-01-24 21:20:03.000000
997,474,28,In Netflix queue,2006-01-14 01:25:42.000000
998,474,28,Jane Austen,2006-01-13 19:20:37.000000
999,474,29,kidnapping,2006-01-24 21:17:53.000000
1000,474,31,high school,2006-01-16 01:38:22.000000
1001,474,31,teacher,2006-01-16 01:38:22.000000
1002,474,32,time travel,2006-01-14 02:47:06.000000
1003,474,34,Animal movie,2006-01-13 19:35:56.000000
1004,474,34,pigs,2006-01-14 02:20:37.000000
1005,474,36,death penalty,2006-01-14 01:32:43.000000
1006,474,36,Nun,2006-01-13 22:27:07.000000
1007,474,38,twins,2006-01-16 01:09:20.000000
1008,474,39,Emma,2006-01-24 21:18:12.000000
1009,474,39,Jane Austen,2006-01-24 21:18:12.000000
1010,474,40,In Netflix queue,2006-01-14 01:28:27.000000
1011,474,40,South Africa,2006-01-14 01:28:27.000000
1012,474,41,Shakespeare,2006-01-24 21:20:46.000000
1013,474,43,England,2006-01-24 21:20:40.000000
1014,474,45,Journalism,2006-01-14 02:47:06.000000
1015,474,46,wedding,2006-01-16 01:38:59.000000
1016,474,47,serial killer,2006-01-14 02:40:52.000000
1017,474,50,heist,2006-01-14 02:47:06.000000
1018,474,52,adoption,2006-01-14 02:38:35.000000
1019,474,52,prostitution,2006-01-14 02:39:31.000000
1020,474,58,writing,2006-01-24 21:20:13.000000
1021,474,62,music,2006-01-16 01:29:17.000000
1022,474,92,Jekyll and Hyde,2006-01-24 21:19:34.000000
1023,474,96,theater,2006-01-24 21:18:57.000000
1024,474,101,crime,2006-01-24 21:17:40.000000
1025,474,104,golf,2006-01-16 01:13:34.000000
1026,474,107,muppets,2006-01-16 01:39:33.000000
1027,474,110,Scotland,2006-01-13 19:36:14.000000
1028,474,111,assassination,2006-01-14 02:41:53.000000
1029,474,116,Holocaust,2006-01-23 18:19:58.000000
1030,474,122,dating,2006-01-16 01:07:59.000000
1031,474,140,journalism,2006-01-16 01:30:31.000000
1032,474,150,moon,2006-01-14 02:20:34.000000
1033,474,150,NASA,2006-01-13 19:36:17.000000
1034,474,150,space,2006-01-14 02:20:33.000000
1035,474,153,superhero,2006-01-16 01:37:33.000000
1036,474,160,Michael Crichton,2006-01-16 01:08:46.000000
1037,474,161,submarine,2006-01-24 21:18:17.000000
1038,474,162,In Netflix queue,2006-01-14 01:27:18.000000
1039,474,185,computers,2006-01-16 01:40:04.000000
1040,474,199,Made me cry,2006-01-14 01:45:24.000000
1041,474,215,generation X,2006-01-23 18:20:10.000000
1042,474,216,school,2006-01-16 01:07:55.000000
1043,474,222,Ireland,2006-01-13 19:47:24.000000
1044,474,223,generation X,2006-01-24 21:18:00.000000
1045,474,224,mental illness,2006-01-24 21:18:36.000000
1046,474,224,psychology,2006-01-24 21:18:36.000000
1047,474,230,Stephen King,2006-01-24 21:18:26.000000
1048,474,232,In Netflix queue,2006-01-14 01:10:27.000000
1049,474,235,movie business,2006-01-13 19:47:31.000000
1050,474,237,basketball,2006-01-24 21:18:48.000000
1051,474,237,France,2006-01-24 21:18:48.000000
1052,474,237,infertility,2006-01-24 21:18:48.000000
1053,474,246,basketball,2006-01-20 19:19:40.000000
1054,474,247,Australia,2006-01-13 19:47:46.000000
1055,474,249,Beethoven,2006-01-13 19:47:52.000000
1056,474,252,Einstein,2006-01-16 01:13:41.000000
1057,474,257,court,2006-01-16 01:39:15.000000
1058,474,260,darth vader,2006-01-14 02:41:34.000000
1059,474,260,luke skywalker,2006-01-14 02:41:36.000000
1060,474,260,space opera,2006-01-14 02:41:44.000000
1061,474,261,Louisa May Alcott,2006-01-13 19:48:08.000000
1062,474,262,England,2006-01-14 02:36:43.000000
1063,474,262,Girl Power,2006-01-14 02:36:43.000000
1064,474,262,India,2006-01-14 02:36:43.000000
1065,474,272,England,2006-01-24 21:19:26.000000
1066,474,272,mental illness,2006-01-24 21:19:26.000000
1067,474,277,Christmas,2006-01-16 01:13:47.000000
1068,474,279,In Netflix queue,2006-01-14 01:29:19.000000
1069,474,280,prison,2006-01-16 01:39:45.000000
1070,474,282,disability,2006-01-16 01:39:54.000000
1071,474,282,twins,2006-01-16 01:39:54.000000
1072,474,290,In Netflix queue,2006-01-14 01:25:07.000000
1073,474,293,hit men,2006-01-24 21:20:19.000000
1074,474,296,hit men,2006-01-14 02:16:41.000000
1075,474,300,TV,2006-01-14 02:39:36.000000
1076,474,307,Death,2006-01-14 01:44:47.000000
1077,474,308,marriage,2006-01-14 02:47:07.000000
1078,474,316,time travel,2006-01-24 21:21:13.000000
1079,474,317,Christmas,2006-01-16 01:14:07.000000
1080,474,318,prison,2006-01-14 02:17:40.000000
1081,474,318,Stephen King,2006-01-13 19:39:31.000000
1082,474,318,wrongful imprisonment,2006-01-14 02:17:44.000000
1083,474,326,In Netflix queue,2006-01-14 01:23:17.000000
1084,474,329,Enterprise,2006-01-14 02:41:31.000000
1085,474,337,mental illness,2006-01-14 02:47:08.000000
1086,474,338,serial killer,2006-01-16 01:41:02.000000
1087,474,339,coma,2006-01-24 21:23:01.000000
1088,474,342,Australia,2006-01-24 21:19:53.000000
1089,474,342,weddings,2006-01-24 21:19:53.000000
1090,474,345,cross dressing,2006-01-23 18:19:41.000000
1091,474,345,men in drag,2006-01-23 18:19:41.000000
1092,474,345,remade,2006-01-23 18:19:41.000000
1093,474,349,Tom Clancy,2006-01-13 19:36:01.000000
1094,474,350,John Grisham,2006-01-16 01:38:02.000000
1095,474,351,interracial romance,2006-01-16 01:13:28.000000
1096,474,356,shrimp,2006-01-16 01:38:39.000000
1097,474,356,Vietnam,2006-01-16 01:38:39.000000
1098,474,357,wedding,2006-01-16 01:38:47.000000
1099,474,361,gambling,2006-01-24 21:19:11.000000
1100,474,363,Holocaust,2006-01-14 01:28:43.000000
1101,474,363,In Netflix queue,2006-01-14 01:28:43.000000
1102,474,364,Disney,2006-01-13 19:35:59.000000
1103,474,371,journalism,2006-01-16 01:40:29.000000
1104,474,377,bus,2006-01-14 02:41:16.000000
1105,474,380,spies,2006-01-14 02:47:06.000000
1106,474,381,alcoholism,2006-01-16 01:30:43.000000
1107,474,412,Edith Wharton,2006-01-13 19:47:13.000000
1108,474,421,horses,2006-01-23 18:20:15.000000
1109,474,425,mental illness,2006-01-23 18:20:34.000000
1110,474,425,Oscar (Best Actress),2006-01-23 18:20:34.000000
1111,474,440,President,2006-01-13 22:28:49.000000
1112,474,454,John Grisham,2006-01-13 19:47:38.000000
1113,474,457,based on a TV show,2006-01-20 19:18:37.000000
1114,474,471,hula hoop,2006-01-16 01:39:07.000000
1115,474,474,assassination,2006-01-24 21:19:03.000000
1116,474,475,Ireland,2006-01-13 19:47:57.000000
1117,474,477,biopic,2006-01-24 21:22:56.000000
1118,474,480,Dinosaur,2006-01-14 01:42:01.000000
1119,474,488,Japan,2006-01-16 01:39:30.000000
1120,474,488,sexuality,2006-01-16 01:39:30.000000
1121,474,497,Shakespeare,2006-01-13 19:39:03.000000
1122,474,500,cross dressing,2006-01-16 01:29:19.000000
1123,474,500,divorce,2006-01-16 01:29:21.000000
1124,474,500,men in drag,2006-01-16 01:29:27.000000
1125,474,508,AIDs,2006-01-16 01:40:34.000000
1126,474,513,radio,2006-01-24 21:20:37.000000
1127,474,513,show business,2006-01-24 21:20:37.000000
1128,474,515,Butler,2006-01-14 01:36:39.000000
1129,474,515,Housekeeper,2006-01-14 01:36:39.000000
1130,474,516,military,2006-01-16 01:17:30.000000
1131,474,522,Australia,2006-01-24 21:21:00.000000
1132,474,522,racism,2006-01-24 21:21:00.000000
1133,474,522,violence,2006-01-24 21:21:00.000000
1134,474,524,football,2006-01-16 01:30:02.000000
1135,474,527,Holocaust,2006-01-13 19:36:10.000000
1136,474,529,chess,2006-01-13 19:48:25.000000
1137,474,531,In Netflix queue,2006-01-14 01:24:56.000000
1138,474,534,C.S. Lewis,2006-01-13 19:39:23.000000
1139,474,535,large cast,2006-01-14 02:41:11.000000
1140,474,538,race,2006-01-24 21:21:05.000000
1141,474,539,Empire State Building,2006-01-14 01:44:01.000000
1142,474,541,robots,2006-01-16 01:37:44.000000
1143,474,543,beat poetry,2006-01-14 01:44:17.000000
1144,474,551,Christmas,2006-01-16 01:40:15.000000
1145,474,551,Halloween,2006-01-16 01:40:15.000000
1146,474,556,politics,2006-01-16 01:41:06.000000
1147,474,562,adolescence,2006-01-14 02:47:07.000000
1148,474,586,christmas,2006-01-16 01:16:22.000000
1149,474,587,overrated,2006-01-13 19:35:51.000000
1150,474,588,Disney,2006-01-13 19:36:11.000000
1151,474,589,robots,2006-01-14 02:41:57.000000
1152,474,590,American Indians,2006-01-13 19:36:16.000000
1153,474,590,Native Americans,2006-01-13 19:36:16.000000
1154,474,592,superhero,2006-01-14 02:36:04.000000
1155,474,593,Hannibal Lector,2006-01-13 19:36:22.000000
1156,474,594,Disney,2006-01-16 01:40:48.000000
1157,474,595,Disney,2006-01-13 19:36:03.000000
1158,474,596,Disney,2006-01-16 01:17:04.000000
1159,474,597,prostitution,2006-01-14 02:38:44.000000
1160,474,608,Coen Brothers,2006-01-13 19:36:08.000000
2489,477,32,Brad Pitt,2009-05-16 17:18:30.000000
2490,477,32,Bruce Willis,2009-05-16 17:18:26.000000
2491,477,32,mindfuck,2009-05-16 17:18:41.000000
2492,477,32,Post apocalyptic,2009-05-16 17:18:20.000000
2493,477,32,post-apocalyptic,2009-05-16 17:18:20.000000
2494,477,32,remake,2009-05-16 17:18:35.000000
2495,477,32,time travel,2009-05-16 17:18:24.000000
2496,477,32,twist ending,2009-05-16 17:18:22.000000
2497,477,34,villain nonexistent or not needed for good story,2009-06-12 06:24:05.000000
2498,477,104,Adam Sandler,2009-06-12 06:21:31.000000
2499,477,216,Adam Sandler,2009-06-12 06:21:58.000000
2500,477,216,stop looking at me swan,2009-06-12 06:22:06.000000
2501,477,318,Morgan Freeman,2009-06-09 16:47:56.000000
2502,477,541,androids,2010-01-06 16:36:04.000000
2503,477,541,artificial intelligence,2010-01-06 16:36:09.000000
2504,477,541,atmospheric,2010-01-06 16:36:08.000000
2505,477,541,cyberpunk,2010-01-06 16:36:10.000000
2506,477,541,future,2010-01-06 16:36:12.000000
2507,477,541,mindfuck,2010-01-06 16:36:18.000000
2508,477,541,Philip K. Dick,2010-01-06 16:36:16.000000
2509,477,589,Scifi masterpiece,2008-01-24 09:21:14.000000
2510,477,593,disturbing,2009-05-04 00:19:19.000000
2511,477,593,drama,2009-05-04 00:19:51.000000
2512,477,593,gothic,2009-05-04 00:19:38.000000
2513,477,593,psychology,2009-05-04 00:19:27.000000
2514,477,593,suspense,2009-05-04 00:19:49.000000
2783,533,356,bubba gump shrimp,2015-02-24 04:57:46.000000
2784,533,356,lieutenant dan,2015-02-24 04:57:46.000000
2785,533,356,stupid is as stupid does,2015-02-24 04:57:46.000000
2786,537,527,based on a true story,2015-02-17 03:01:12.000000
2787,537,527,biography,2015-02-17 03:01:52.000000
2788,537,527,disturbing,2015-02-17 03:01:53.000000
2789,537,527,holocaust,2015-02-17 03:01:50.000000
2887,567,1,fun,2018-05-02 18:33:33.000000
2888,567,101,off-beat comedy,2018-05-02 18:53:36.000000
2889,567,101,quirky,2018-05-02 18:53:34.000000
2890,567,308,cynical,2018-05-02 19:03:18.000000
2891,567,356,bittersweet,2018-05-02 18:59:05.000000
2892,567,356,emotional,2018-05-02 18:58:57.000000
2893,567,356,heartwarming,2018-05-02 18:59:01.000000
2894,567,356,touching,2018-05-02 18:58:59.000000
2895,567,541,atmospheric,2018-05-02 18:43:10.000000
2896,567,541,dreamlike,2018-05-02 18:43:08.000000
2897,567,541,existentialism,2018-05-02 18:43:03.000000
2898,567,541,philosophical,2018-05-02 18:43:06.000000
3319,573,248,bad,2007-08-08 16:05:45.000000
3320,573,248,Sinbad,2007-08-08 16:05:45.000000
3321,573,413,Comedy,2007-08-08 16:00:56.000000
3322,573,540,bad,2007-08-08 16:01:37.000000
3350,599,293,Action,2017-06-26 05:49:02.000000
3351,599,293,assassin,2017-06-26 05:48:26.000000
3352,599,293,assassination,2017-06-26 05:49:52.000000
3353,599,293,assassins,2017-06-26 05:49:44.000000
3354,599,293,awkward romance,2017-06-26 05:49:27.000000
3355,599,293,corruption,2017-06-26 05:49:15.000000
3356,599,293,crime,2017-06-26 05:49:01.000000
3357,599,293,disturbing,2017-06-26 05:49:04.000000
3358,599,293,drama,2017-06-26 05:49:09.000000
3359,599,293,French,2017-06-26 05:49:10.000000
3360,599,293,friendship,2017-06-26 05:48:59.000000
3361,599,293,Gary Oldman,2017-06-26 05:48:50.000000
3362,599,293,great acting,2017-06-26 05:48:48.000000
3363,599,293,Guns,2017-06-26 05:49:39.000000
3364,599,293,hit men,2017-06-26 05:49:25.000000
3365,599,293,hitman,2017-06-26 05:48:33.000000
3366,599,293,humorous,2017-06-26 05:49:37.000000
3367,599,293,imdb top 250,2017-06-26 05:49:35.000000
3368,599,293,Jean Reno,2017-06-26 05:48:41.000000
3369,599,293,Lolita theme,2017-06-26 05:49:48.000000
3370,599,293,loneliness,2017-06-26 05:49:46.000000
3371,599,293,love story,2017-06-26 05:48:52.000000
3372,599,293,Luc Besson,2017-06-26 05:48:57.000000
3373,599,293,Natalie Portman,2017-06-26 05:48:46.000000
3374,599,293,organized crime,2017-06-26 05:49:12.000000
3375,599,293,police,2017-06-26 05:49:41.000000
3376,599,293,police corruption,2017-06-26 05:49:19.000000
3377,599,293,quirky,2017-06-26 05:48:55.000000
3378,599,293,sniper,2017-06-26 05:49:42.000000
3379,599,293,tense,2017-06-26 05:49:50.000000
3380,599,293,touching,2017-06-26 05:49:07.000000
3381,599,293,unique,2017-06-26 05:49:17.000000
3382,599,296,1990s,2017-06-26 05:55:37.000000
3383,599,296,achronological,2017-06-26 05:54:35.000000
3384,599,296,action,2017-06-26 05:52:36.000000
3385,599,296,action packed,2017-06-26 05:55:35.000000
3386,599,296,aggressive,2017-06-26 05:55:33.000000
3387,599,296,amazing,2017-06-26 05:57:58.000000
3388,599,296,amazing dialogues,2017-06-26 05:54:33.000000
3389,599,296,anthology,2017-06-26 05:55:31.000000
3390,599,296,assassin,2017-06-26 05:53:02.000000
3391,599,296,atmospheric,2017-06-26 05:52:56.000000
3392,599,296,AWESOME,2017-06-26 05:55:59.000000
3393,599,296,bad ass,2017-06-26 05:54:31.000000
3394,599,296,bad language,2017-06-26 05:54:29.000000
3395,599,296,bad-ass,2017-06-26 05:57:56.000000
3396,599,296,bible,2017-06-26 05:57:55.000000
3397,599,296,biblical references,2017-06-26 05:55:29.000000
3398,599,296,big boys with guns,2017-06-26 05:57:53.000000
3399,599,296,big name actors,2017-06-26 05:57:51.000000
3400,599,296,Black comedy,2017-06-26 05:52:30.000000
3401,599,296,black humor,2017-06-26 05:54:41.000000
3402,599,296,black humour,2017-06-26 05:57:50.000000
3403,599,296,blood,2017-06-26 05:54:08.000000
3404,599,296,blood splatters,2017-06-26 05:54:27.000000
3405,599,296,bloody,2017-06-26 05:53:51.000000
3406,599,296,bruce willis,2017-06-26 05:52:32.000000
3407,599,296,brutality,2017-06-26 05:55:43.000000
3408,599,296,casual violence,2017-06-26 05:57:49.000000
3409,599,296,character development,2017-06-26 05:55:27.000000
3410,599,296,characters,2017-06-26 05:54:26.000000
3411,599,296,classic,2017-06-26 05:52:40.000000
3412,599,296,classic movie,2017-06-26 05:57:47.000000
3413,599,296,coke,2017-06-26 05:57:46.000000
3414,599,296,comedy,2017-06-26 05:52:58.000000
3415,599,296,conversation,2017-06-26 05:55:24.000000
3416,599,296,cool,2017-06-26 05:53:25.000000
3417,599,296,cool style,2017-06-26 05:57:44.000000
3418,599,296,crime,2017-06-26 05:52:33.000000
3419,599,296,crime scene scrubbing,2017-06-26 05:57:43.000000
3420,599,296,cult,2017-06-26 05:53:11.000000
3421,599,296,cult classic,2017-06-26 05:55:22.000000
3422,599,296,cult film,2017-06-26 05:52:25.000000
3423,599,296,dance,2017-06-26 05:57:41.000000
3424,599,296,dancing,2017-06-26 05:54:24.000000
3425,599,296,dark,2017-06-26 05:53:24.000000
3426,599,296,dark comedy,2017-06-26 05:52:19.000000
3427,599,296,dark humor,2017-06-26 05:53:05.000000
3428,599,296,dialogue,2017-06-26 05:53:15.000000
3429,599,296,different,2017-06-26 05:57:40.000000
3430,599,296,diner,2017-06-26 05:57:38.000000
3431,599,296,disjointed timeline,2017-06-26 05:54:04.000000
3432,599,296,disturbing,2017-06-26 05:55:21.000000
3433,599,296,drama,2017-06-26 05:56:01.000000
3434,599,296,drug overdose,2017-06-26 05:57:36.000000
3435,599,296,drugs,2017-06-26 05:52:28.000000
3436,599,296,drugs & music,2017-06-26 05:57:35.000000
3437,599,296,ensemble cast,2017-06-26 05:53:39.000000
3438,599,296,entertaining,2017-06-26 05:55:19.000000
3439,599,296,entirely dialogue,2017-06-26 05:53:49.000000
3440,599,296,episodic,2017-06-26 05:55:17.000000
3441,599,296,exciting,2017-06-26 05:53:47.000000
3442,599,296,fast paced,2017-06-26 05:53:56.000000
3443,599,296,fast-paced,2017-06-26 05:55:15.000000
3444,599,296,film noir,2017-06-26 05:57:33.000000
3445,599,296,film-noir,2017-06-26 05:57:02.000000
3446,599,296,foul language,2017-06-26 05:58:06.000000
3447,599,296,fun,2017-06-26 05:53:41.000000
3448,599,296,funny,2017-06-26 05:53:03.000000
3449,599,296,gangster,2017-06-26 05:53:09.000000
3450,599,296,gangsters,2017-06-26 05:53:26.000000
3451,599,296,genius,2017-06-26 05:56:29.000000
3452,599,296,golden watch,2017-06-26 05:55:13.000000
3453,599,296,good dialogue,2017-06-26 05:52:52.000000
3454,599,296,good music,2017-06-26 05:53:16.000000
3455,599,296,gore,2017-06-26 05:55:11.000000
3456,599,296,great acting,2017-06-26 05:55:09.000000
3457,599,296,great dialogue,2017-06-26 05:53:22.000000
3458,599,296,great soundtrack,2017-06-26 05:53:00.000000
3459,599,296,gritty,2017-06-26 05:53:46.000000
3460,599,296,guns,2017-06-26 05:54:10.000000
3461,599,296,Harvey Keitel,2017-06-26 05:58:04.000000
3462,599,296,heroin,2017-06-26 05:54:43.000000
3463,599,296,Highly quotable,2017-06-26 05:53:20.000000
3464,599,296,hit men,2017-06-26 05:53:32.000000
3465,599,296,hitman,2017-06-26 05:55:05.000000
3466,599,296,homosexuality,2017-06-26 05:56:02.000000
3467,599,296,humour,2017-06-26 05:56:04.000000
3468,599,296,iconic,2017-06-26 05:54:48.000000
3469,599,296,imdb top 250,2017-06-26 05:53:08.000000
3470,599,296,innovative,2017-06-26 05:54:50.000000
3471,599,296,intellectual,2017-06-26 05:56:05.000000
3472,599,296,intelligent,2017-06-26 05:54:22.000000
3473,599,296,intense,2017-06-26 05:53:31.000000
3474,599,296,interesting,2017-06-26 05:55:41.000000
3475,599,296,intertwining storylines,2017-06-26 05:54:20.000000
3476,599,296,interwoven storylines,2017-06-26 05:56:07.000000
3477,599,296,ironic,2017-06-26 05:54:51.000000
3478,599,296,irony,2017-06-26 05:54:18.000000
3479,599,296,John Travolta,2017-06-26 05:52:54.000000
3480,599,296,killer-as-protagonist,2017-06-26 05:54:54.000000
3481,599,296,los angeles,2017-06-26 05:56:09.000000
3482,599,296,Mafia,2017-06-26 05:53:34.000000
3483,599,296,masterpiece,2017-06-26 05:52:51.000000
3484,599,296,meaningless violence,2017-06-26 05:56:11.000000
3485,599,296,milkshake,2017-06-26 05:56:12.000000
3486,599,296,mobster,2017-06-26 05:56:14.000000
3487,599,296,mobsters,2017-06-26 05:56:15.000000
3488,599,296,monologue,2017-06-26 05:56:17.000000
3489,599,296,motherfucker,2017-06-26 05:54:57.000000
3490,599,296,multiple stories,2017-06-26 05:54:58.000000
3491,599,296,multiple storylines,2017-06-26 05:52:23.000000
3492,599,296,neo-noir,2017-06-26 05:54:46.000000
3493,599,296,noir,2017-06-26 05:53:28.000000
3494,599,296,non-linear,2017-06-26 05:52:47.000000
3495,599,296,non-linear timeline,2017-06-26 05:56:18.000000
3496,599,296,nonlinear,2017-06-26 05:52:21.000000
3497,599,296,nonlinear narrative,2017-06-26 05:54:17.000000
3498,599,296,nonlinear storyline,2017-06-26 05:56:20.000000
3499,599,296,nonlinear timeline,2017-06-26 05:56:21.000000
3500,599,296,notable soundtrack,2017-06-26 05:53:13.000000
3501,599,296,offensive,2017-06-26 05:56:23.000000
3502,599,296,organised crime,2017-06-26 05:56:25.000000
3503,599,296,organized crime,2017-06-26 05:52:43.000000
3504,599,296,original,2017-06-26 05:54:39.000000
3505,599,296,original plot,2017-06-26 05:54:15.000000
3506,599,296,out of order,2017-06-26 05:56:26.000000
3507,599,296,Palme d'Or,2017-06-26 05:58:10.000000
3508,599,296,parody,2017-06-26 05:56:31.000000
3509,599,296,philosophical,2017-06-26 05:55:00.000000
3510,599,296,pop culture references,2017-06-26 05:54:38.000000
3511,599,296,psychological,2017-06-26 05:56:33.000000
3512,599,296,pulp,2017-06-26 05:54:44.000000
3513,599,296,Quentin Tarantino,2017-06-26 05:52:18.000000
3514,599,296,quirky,2017-06-26 05:52:44.000000
3515,599,296,Quotable,2017-06-26 05:54:06.000000
3516,599,296,r:disturbing violent content including rape,2017-06-26 05:55:02.000000
3517,599,296,r:disturbing violent images,2017-06-26 05:56:35.000000
3518,599,296,r:graphic sexuality,2017-06-26 05:56:37.000000
3519,599,296,r:some violence,2017-06-26 05:56:39.000000
3520,599,296,r:strong bloody violence,2017-06-26 05:56:41.000000
3521,599,296,r:strong language,2017-06-26 05:54:12.000000
3522,599,296,r:sustained strong stylized violence,2017-06-26 05:56:43.000000
3523,599,296,r:violence,2017-06-26 05:53:44.000000
3524,599,296,random,2017-06-26 05:55:03.000000
3525,599,296,rape,2017-06-26 05:53:37.000000
3526,599,296,retro,2017-06-26 05:54:02.000000
3527,599,296,Roger Avary,2017-06-26 05:58:02.000000
3528,599,296,royal with cheese,2017-06-26 05:56:50.000000
3529,599,296,Samuel L. Jackson,2017-06-26 05:52:22.000000
3530,599,296,sarcasm,2017-06-26 05:56:52.000000
3531,599,296,satire,2017-06-26 05:56:54.000000
3532,599,296,sexy,2017-06-26 05:56:55.000000
3533,599,296,smart writing,2017-06-26 05:56:57.000000
3534,599,296,sophisticated,2017-06-26 05:56:58.000000
3535,599,296,soundtrack,2017-06-26 05:53:59.000000
3536,599,296,splatter,2017-06-26 05:57:00.000000
3537,599,296,Steve Buscemi,2017-06-26 05:58:14.000000
3538,599,296,storytelling,2017-06-26 05:52:55.000000
3539,599,296,stylish,2017-06-26 05:53:18.000000
3540,599,296,stylized,2017-06-26 05:52:34.000000
3541,599,296,suspense,2017-06-26 05:58:00.000000
3542,599,296,Tarantino,2017-06-26 05:52:38.000000
3543,599,296,thought-provoking,2017-06-26 05:57:18.000000
3544,599,296,thriller,2017-06-26 05:53:35.000000
3545,599,296,travolta,2017-06-26 05:55:39.000000
3546,599,296,twist ending,2017-06-26 05:57:19.000000
3547,599,296,Uma Thurman,2017-06-26 05:52:50.000000
3548,599,296,unique,2017-06-26 05:57:21.000000
3549,599,296,unpredictable,2017-06-26 05:54:36.000000
3550,599,296,unusual,2017-06-26 05:57:22.000000
3551,599,296,very funny,2017-06-26 05:53:54.000000
3552,599,296,violence,2017-06-26 05:52:27.000000
3553,599,296,violent,2017-06-26 05:52:46.000000
3554,599,296,witty,2017-06-26 05:53:57.000000
3673,600,273,gothic,2009-03-22 16:24:24.000000